Workbook

Sheet Judge Results
A1: Question_ID | B1: Question | C1: Expected_Answer | D1: Generated_Answer | E1: Correctness (/10) | F1: Completeness (/10) | G1: Faithfulness (/10, 10=no hallucination) | H1: Row Overall (/10) | I1: Verdict | J1: Judge Notes
A2: Q_001 | B2: What is the minimum CGPA required for a 3rd-year student to apply for the AlumBridge mentorship program? | C2: A minimum CGPA of 7.5. | D2: The minimum CGPA required for a third‑year student to apply for the AlumBridge mentorship program is **7.5**. | E2: 10 | F2: 10 | G2: 10 | H2: =AVERAGE(E2:G2) -> 10 | I2: Fully Correct | J2: Exact match on the CGPA figure (7.5).
A3: Q_002 | B3: What is the penalty if a student is caught logging proxy biometric attendance for a friend? | C3: Both the student who provided the ID card and the student who scanned it lose all accumulated attendance in that specific subject for the entire semester. | D3: If a student is caught logging proxy biometric attendance for a friend, both the student who provided the ID card and the student who scanned it will immediately lose **all attendance accumulated in that specific subject for the entire semester**, resetting their attendance metric to **zero percent**. | E3: 10 | F3: 10 | G3: 10 | H3: =AVERAGE(E3:G3) -> 10 | I3: Fully Correct | J3: Matches expected; the added "resets to 0%" detail is confirmed verbatim in the retrieved source, not fabricated.
A4: Q_003 | B4: If a Category-A student withdraws admission after Phase 2 of counseling but before the final phase, how much of their paid tuition fee is refunded? | C4: The student will receive exactly a 50% refund of the paid tuition fee. | D4: The student will receive **50 % of the paid tuition fee** as a refund. (The Development Fee and Student Services Levy are non‑refundable in this slab.) | E4: 10 | F4: 10 | G4: 10 | H4: =AVERAGE(E4:G4) -> 10 | I4: Fully Correct | J4: Matches (50% refund); the added Development Fee/Service Levy non-refundable note is confirmed in source.
A5: Q_004 | B5: What color must the hardbound thesis cover be for a Civil Engineering major project? | C5: Dark Green fabric with Silver embossed lettering. | D5: The hardbound thesis cover for a Civil Engineering (CIV) major must be **Dark Green fabric with Silver embossed lettering**. | E5: 10 | F5: 10 | G5: 10 | H5: =AVERAGE(E5:G5) -> 10 | I5: Fully Correct | J5: Exact match (Dark Green fabric, Silver embossed lettering).
A6: Q_005 | B6: Can a final-year student who has accepted a Tier 1 placement offer apply for incubation funding from the HIT-IC? | C6: No. Final-year students who have already accepted a corporate placement offer (Tier 1, 2, or 3) are legally barred from applying for incubation funding unless they officially forfeit their placement privileges. | D6: No. Final‑year students who have already accepted a Tier 1 (or Tier 2/3) placement offer are barred from applying for HIT‑IC incubation funding. They would first have to forfeit their placement privileges with a notarized affidavit before they could pitch to the HIT‑IC Board. | E6: 10 | F6: 10 | G6: 10 | H6: =AVERAGE(E6:G6) -> 10 | I6: Fully Correct | J6: Matches; correctly includes the notarized-affidavit forfeiture condition.
A7: Q_006 | B7: A student has a 9.8 CGPA but failed a minor laboratory course. Are they eligible for the Chancellor's Merit Scholarship? | C7: No. A single active backlog instantly disqualifies the student from the entire merit scholarship framework for that year regardless of their high theoretical average. | D7: No. Even though the student’s CGPA (9.8) falls within the 9.75‑10.00 bracket, the scholarship rules require **zero active backlogs**. The policy also states that a student who fails a minor laboratory course (creating an F‑grade backlog) is **immediately disqualified from the merit‑scholarship framework for that year**, regardless of how high the CGPA is. Therefore, the student is not eligible for the Chancellor’s Merit Scholarship. | E7: 10 | F7: 10 | G7: 10 | H7: =AVERAGE(E7:G7) -> 10 | I7: Fully Correct | J7: Matches; the 9.75-10.00 CGPA bracket was cross-verified against the scholarship table retrieved elsewhere in the dataset (Q_046).
A8: Q_007 | B8: How many physical books can a 4th-year B.Tech student borrow from the central library simultaneously? | C8: A maximum of six physical books. | D8: A 4th‑year B.Tech student may borrow **up to six physical books simultaneously** from the central library. | E8: 10 | F8: 10 | G8: 10 | H8: =AVERAGE(E8:G8) -> 10 | I8: Fully Correct | J8: Exact match (six books).
A9: Q_008 | B9: If a student is placed on Academic Probation due to a CGPA below 5.5, what is the maximum number of credits they can register for in the next semester? | C9: They are legally barred from registering for more than eighteen credits in any standard semester. | D9: The student may register for **up to 18 credits** in the next semester. | E9: 10 | F9: 10 | G9: 10 | H9: =AVERAGE(E9:G9) -> 10 | I9: Fully Correct | J9: Exact match (18 credits).
A10: Q_009 | B10: What is the consequence if an incubated startup founder utilizes seed funding to purchase a laptop, claiming it is for app testing? | C10: Purchasing personal electronics is strictly prohibited. The startup's bank account is immediately frozen, founders are given 72 hours to repay the embezzled amount out of pocket, and failure leads to immediate liquidation and eviction. | D10: Using seed funding to buy a laptop (or any personal electronic) is a **prohibited expenditure**. If an audit finds even ₹1,000 spent on such an item, the startup’s bank account is **frozen immediately**. The founders then have **72 hours** to repay the amount from their own pockets; failure to do so triggers **instant liquidation of the startup, expulsion from the HIT‑IC, and possible academic suspension**. | E10: 10 | F10: 10 | G10: 10 | H10: =AVERAGE(E10:G10) -> 10 | I10: Fully Correct | J10: Matches; "academic suspension" and 72-hour repay window both confirmed in source.
A11: Q_010 | B11: What is the absolute maximum speed limit for vehicles driven within the HIT campus boundary? | C11: The absolute maximum speed limit is 20 kilometers per hour. | D11: The absolute maximum speed limit within the HIT campus boundary is **20 kilometers per hour**. | E11: 10 | F11: 10 | G11: 10 | H11: =AVERAGE(E11:G11) -> 10 | I11: Fully Correct | J11: Exact match (20 km/h).
A12: Q_011 | B12: What is the fine for an unregistered two-wheeler wheel-clamp release? | C12: The fine is ₹1000. | D12: The release fine for an unregistered two‑wheeler that has been wheel‑clamped is **₹1,000**. | E12: 10 | F12: 10 | G12: 10 | H12: =AVERAGE(E12:G12) -> 10 | I12: Fully Correct | J12: Exact match (₹1,000).
A13: Q_012 | B13: If a student submits a library book 16 days late what is the daily fine? | C13: The fine is ₹50 per book per day and the student's library account is instantly frozen. | D13: The daily fine for a book returned 16 days late is **₹50 per book, per day**. | E13: 10 | F13: 6 | G13: 10 | H13: =AVERAGE(E13:G13) -> 8.6666667 | I13: Partially Correct | J13: Fine amount (₹50/day) is correct, but omits that the "library account is instantly frozen" at day 16+ — this fact was present in the retrieved content but dropped from the answer.
... A51: Q_050 | B51: What is the penalty if a student is caught bringing unauthorized firecrackers onto the campus during festivals? | C51: Explosives are strictly banned and the student will be immediately detained handed over to local police and permanently expelled from the university. | D51: Bringing unauthorized firecrackers (classified as explosive materials) is prohibited as a weapon.If a student is caught with them, the university treats it as a zero‑tolerance weapons offense: the student is detained, handed over to the Cyberabad Police, permanently expelled, denied a degree and has the admission fee fully forfeited. | E51: 10 | F51: 10 | G51: 10 | H51: =AVERAGE(E51:G51) -> 10 | I51: Fully Correct | J51: Matches; extra "denied degree / fee forfeited" detail confirmed verbatim in source.

Sheet Summary
B2: LLM-as-Judge Evaluation Summary
B3: evaluation_answer.csv | 50 question-answer pairs | Judged on Correctness, Completeness, Hallucination/Faithfulness
B5: Avg Correctness (/10) | D5: Avg Completeness (/10) | F5: Avg Faithfulness (/10) | H5: OVERALL SCORE (/10)
B6: =AVERAGE('Judge Results'!E2:E51) -> 9.6 | D6: =AVERAGE('Judge Results'!F2:F51) -> 9.38 | F6: =AVERAGE('Judge Results'!G2:G51) -> 9.92 | H6: =AVERAGE(B6,D6,F6) -> 9.6333333
B8: Verdict Breakdown
B9: Fully Correct | C9: =COUNTIF('Judge Results'!I2:I51,"Fully Correct") -> 45
B10: Partially Correct (answer right, some detail missing) | C10: =COUNTIF('Judge Results'!I2:I51,"Partially Correct") -> 3
B11: No Answer (model declined / retrieval gap) | C11: =COUNTIF('Judge Results'!I2:I51,"No Answer") -> 2
B12: Total Questions | C12: =SUM(C9:C11) -> 50
B14: Accuracy
B15: Strict Accuracy (Fully Correct / Total) | C15: =C9/C12 -> 0.9
B16: Lenient Accuracy (Fully Correct + 0.5 x Partial) / Total | C16: =(C9+0.5*C10)/C12 -> 0.93
B18: Methodology
B19: Each row was read manually against Expected_Answer and cross-checked against its Retrived_Contents (and, where a detail was absent from a row's own retrieved chunk, against matching chunks retrieved for other questions drawing on the same source document). - Correctness: does the core factual claim match the expected answer (0 if no answer given, or if it contradicts). - Completeness: does the answer include every material fact the expected answer / source contains. - Faithfulness (Hallucination, inverted): 10 = every stated claim, including ones added beyond the reference answer, is grounded in the retrieved source; deductions only for claims that could not be verified anywhere in the provided context. - Row Overall = simple average of the three scores. Dataset Overall = average of the three column averages.
